{
  "equivalence_test": {
    "test_points": [
      [
        2.0,
        0.0
      ],
      [
        1.5,
        0.0
      ],
      [
        0.5,
        14.134
      ],
      [
        0.5,
        21.022
      ],
      [
        3.0,
        1.0
      ],
      [
        -1.0,
        0.0
      ],
      [
        0.0,
        1.0
      ]
    ],
    "mechanisms_values": [
      [
        0.8400000844814758,
        0.0
      ],
      [
        1.412384181743184,
        0.0
      ],
      [
        -0.8969370684436844,
        -1.0036138949084776
      ],
      [
        -0.03013933463580787,
        0.3522145147900204
      ],
      [
        0.4589226596107526,
        -0.11769954048963811
      ],
      [
        248248.76950004374,
        0.0
      ],
      [
        343.0803417253611,
        59.30492569952778
      ]
    ],
    "zeta_values": [
      [
        1.6439345666815615,
        0.0
      ],
      [
        2.5491456029175756,
        0.0
      ],
      [
        9.058656819621328e-05,
        -0.0005679405478692789
      ],
      [
        -9.8583114899871e-06,
        -4.3971441383117253e-05
      ],
      [
        1.1072142013005983,
        -0.14829047132814724
      ],
      [
        -0.08333333333333338,
        0.0
      ],
      [
        0.0033002236853238442,
        -0.4181554491413206
      ]
    ],
    "differences": [
      0.8039344822000857,
      1.1367614211743917,
      1.3456447526800293,
      0.3535446597894212,
      0.6490128874499823,
      248248.85283337708,
      348.2365615891489
    ],
    "relative_errors": [
      0.4890307062664325,
      0.44593820763840764,
      2339.7656458242127,
      7845.564217520821,
      0.5809798967293837,
      2978986.234000523,
      832.7661809990386
    ],
    "eta_values": [
      [
        0.13545702760489312,
        0.0
      ],
      [
        0.05475505663455095,
        0.0
      ],
      [
        -0.27102212146821675,
        -0.18545016635209363
      ],
      [
        -0.3168716401750962,
        0.21748782935732322
      ],
      [
        0.2733209232541749,
        0.071316204889712
      ],
      [
        25500.312036632164,
        0.0
      ],
      [
        35.87625323217285,
        9.041383639701008
      ]
    ],
    "eta_reference": [
      [
        0.8219672833407807,
        0.0
      ],
      [
        0.7466274608626876,
        0.0
      ],
      [
        -8.214031396613922e-05,
        -0.0013627299594002331
      ],
      [
        4.069231549841401e-05,
        -8.277842576176475e-05
      ],
      [
        0.9179741095610792,
        0.057093978287558175
      ],
      [
        0.25000000000000017,
        -0.0
      ],
      [
        0.5325931817630949,
        0.22938485772852493
      ]
    ]
  },
  "convergence_analysis": {
    "max_n_values": [
      100,
      200,
      500,
      1000,
      2000
    ],
    "convergence_rates": [
      0.0,
      0.0025826618457926998,
      0.0014961080217616995,
      0.0004930728308074617,
      0.0002450085486873643
    ]
  },
  "found_zeros": [],
  "optimized_weights": {
    "RLC": -0.5694702522818694,
    "Spring": 0.486354886481753,
    "Oscillating": 0.3233956399551683,
    "Sieve": 0.7597197258449478
  }
}